family,number_of_members,members_found,0,0,0,0,0,0,0,0,0,0,0,0,0,0,0,0,0,0,0,0,0,0,0,0,0,0,0,0,0,0,0,0,0,0,0,0,0,0,0,0,0
PTHR24418,18,FGR,BTK,JAK2,ABL1,HCK,BMX,TYK2,JAK3,ITK,PTK2B,TEC,JAK1,SYK,PTK2,TNK1,YES1,LCK,LYN,,,,,,,,,,,,,,,,,,,,,,,,
PTHR19325,14,CFH,C8B,C6,APOH,C7,C9,CR2,CD46,C4BPA,C4BPB,C8A,C2,CD55,CFB,,,,,,,,,,,,,,,,,,,,,,,,,,,,
PTHR24223,1,CFTR,,,,,,,,,,,,,,,,,,,,,,,,,,,,,,,,,,,,,,,,,
PTHR28540,1,BAD,,,,,,,,,,,,,,,,,,,,,,,,,,,,,,,,,,,,,,,,,
PTHR10454,12,CASP10,CFLAR,CASP8,PYCARD,CASP9,CASP1,CASP6,CASP7,PYDC1,CASP4,CARD16,CASP12,,,,,,,,,,,,,,,,,,,,,,,,,,,,,,
PTHR10742,1,KDM1A,,,,,,,,,,,,,,,,,,,,,,,,,,,,,,,,,,,,,,,,,
PTHR11635,3,PRKAR2B,PRKAR2A,PRKAR1B,,,,,,,,,,,,,,,,,,,,,,,,,,,,,,,,,,,,,,,
PTHR23220,3,ITGA3,ITGAX,ITGAM,,,,,,,,,,,,,,,,,,,,,,,,,,,,,,,,,,,,,,,
PTHR24361,7,MAP3K14,MAP2K3,MAP3K1,MAP3K8,PAK1,MAP4K2,PAK2,,,,,,,,,,,,,,,,,,,,,,,,,,,,,,,,,,,
PTHR32037,1,TNFRSF12A,,,,,,,,,,,,,,,,,,,,,,,,,,,,,,,,,,,,,,,,,
PTHR19384,1,NOS2,,,,,,,,,,,,,,,,,,,,,,,,,,,,,,,,,,,,,,,,,
PTHR11972,3,NOX1,NOX4,CYBB,,,,,,,,,,,,,,,,,,,,,,,,,,,,,,,,,,,,,,,
PTHR11022,4,PGLYRP1,PGLYRP3,PGLYRP2,PGLYRP4,,,,,,,,,,,,,,,,,,,,,,,,,,,,,,,,,,,,,,
TF341753,1,IL32,,,,,,,,,,,,,,,,,,,,,,,,,,,,,,,,,,,,,,,,,
PTHR24255,2,MASP2,MASP1,,,,,,,,,,,,,,,,,,,,,,,,,,,,,,,,,,,,,,,,
PTHR12864,1,RANBP9,,,,,,,,,,,,,,,,,,,,,,,,,,,,,,,,,,,,,,,,,
PTHR24264,2,PRSS3,PRSS2,,,,,,,,,,,,,,,,,,,,,,,,,,,,,,,,,,,,,,,,
PTHR11422,1,CD4,,,,,,,,,,,,,,,,,,,,,,,,,,,,,,,,,,,,,,,,,
PTHR10624,1,PLAUR,,,,,,,,,,,,,,,,,,,,,,,,,,,,,,,,,,,,,,,,,
PTHR24369,2,DCN,BGN,,,,,,,,,,,,,,,,,,,,,,,,,,,,,,,,,,,,,,,,
PTHR17554,1,TYROBP,,,,,,,,,,,,,,,,,,,,,,,,,,,,,,,,,,,,,,,,,
PTHR12035,11,CD22,SIGLEC1,SIGLEC8,SIGLEC6,SIGLEC5,SIGLEC9,SIGLEC10,SIGLEC11,SIGLEC7,SIGLEC15,SIGLEC14,,,,,,,,,,,,,,,,,,,,,,,,,,,,,,,
PTHR24082,3,NR1H4,VDR,THRB,,,,,,,,,,,,,,,,,,,,,,,,,,,,,,,,,,,,,,,
PTHR35447,1,BID,,,,,,,,,,,,,,,,,,,,,,,,,,,,,,,,,,,,,,,,,
PTHR11454,1,IGF1,,,,,,,,,,,,,,,,,,,,,,,,,,,,,,,,,,,,,,,,,
PTHR11950,1,RUNX3,,,,,,,,,,,,,,,,,,,,,,,,,,,,,,,,,,,,,,,,,
PTHR24106,19,NLRP2,NLRP1,NOD1,NLRC5,NLRP12,NLRP14,NLRP4,NLRX1,NLRP3,NOD2,NLRP7,NLRC3,NLRP5,NLRP13,NLRP6,NLRP8,NLRP11,NLRP10,NLRP9,,,,,,,,,,,,,,,,,,,,,,,
PTHR10044,6,BIRC3,BIRC5,NLRC4,XIAP,BIRC2,NAIP,,,,,,,,,,,,,,,,,,,,,,,,,,,,,,,,,,,,
PTHR12080,6,SLAMF7,SLAMF1,LY9,SLAMF8,SLAMF9,SLAMF6,,,,,,,,,,,,,,,,,,,,,,,,,,,,,,,,,,,,
PTHR24100,3,BTN3A1,BTN3A3,BTN3A2,,,,,,,,,,,,,,,,,,,,,,,,,,,,,,,,,,,,,,,
PTHR20859,5,IFNGR1,IFNAR1,IFNAR2,IFNGR2,IL22RA2,,,,,,,,,,,,,,,,,,,,,,,,,,,,,,,,,,,,,
PTHR23097,7,TNFRSF1B,TNFRSF9,TNFRSF1A,CD40,AC005840.1,CD27,TNFRSF18,,,,,,,,,,,,,,,,,,,,,,,,,,,,,,,,,,,
PTHR13711,2,HMGB3,HMGB2,,,,,,,,,,,,,,,,,,,,,,,,,,,,,,,,,,,,,,,,
PTHR12156,2,GAB2,GAB1,,,,,,,,,,,,,,,,,,,,,,,,,,,,,,,,,,,,,,,,
PTHR10782,3,PIAS1,PIAS4,PIAS3,,,,,,,,,,,,,,,,,,,,,,,,,,,,,,,,,,,,,,,
PTHR24416,15,FLT4,ERBB3,FGFR3,TYRO3,PDGFRB,PDGFRA,IGF1R,ERBB2,EGFR,MERTK,KIT,FGFR4,MST1R,AXL,CSF1R,,,,,,,,,,,,,,,,,,,,,,,,,,,
PTHR24021,2,MSR1,COLEC12,,,,,,,,,,,,,,,,,,,,,,,,,,,,,,,,,,,,,,,,
PTHR14098,1,LCP2,,,,,,,,,,,,,,,,,,,,,,,,,,,,,,,,,,,,,,,,,
PTHR11574,1,KITLG,,,,,,,,,,,,,,,,,,,,,,,,,,,,,,,,,,,,,,,,,
PTHR31882,2,TNIP3,TNIP1,,,,,,,,,,,,,,,,,,,,,,,,,,,,,,,,,,,,,,,,
PTHR24055,5,MAPK9,MAPK3,MAPK8,SRPK2,MAPK11,,,,,,,,,,,,,,,,,,,,,,,,,,,,,,,,,,,,,
PTHR10654,1,BCAR1,,,,,,,,,,,,,,,,,,,,,,,,,,,,,,,,,,,,,,,,,
PTHR10048,3,PIK3CB,PIK3CG,PIK3CD,,,,,,,,,,,,,,,,,,,,,,,,,,,,,,,,,,,,,,,
PTHR15168,1,CYBA,,,,,,,,,,,,,,,,,,,,,,,,,,,,,,,,,,,,,,,,,
PTHR12186,1,SIKE1,,,,,,,,,,,,,,,,,,,,,,,,,,,,,,,,,,,,,,,,,
PTHR10351,2,TAB2,TAB3,,,,,,,,,,,,,,,,,,,,,,,,,,,,,,,,,,,,,,,,
PTHR11042,1,EIF2AK2,,,,,,,,,,,,,,,,,,,,,,,,,,,,,,,,,,,,,,,,,
PTHR10131,5,TRAF1,TRAF5,TRAF2,TRAF3,TRAF6,,,,,,,,,,,,,,,,,,,,,,,,,,,,,,,,,,,,,
PTHR18919,1,ACAA1,,,,,,,,,,,,,,,,,,,,,,,,,,,,,,,,,,,,,,,,,
PTHR19354,1,LZTS1,,,,,,,,,,,,,,,,,,,,,,,,,,,,,,,,,,,,,,,,,
PTHR12771,2,ELMO2,ELMOD2,,,,,,,,,,,,,,,,,,,,,,,,,,,,,,,,,,,,,,,,
PTHR10218,2,GNAI3,GNAI2,,,,,,,,,,,,,,,,,,,,,,,,,,,,,,,,,,,,,,,,
PTHR24352,2,PRKCQ,AKT1,,,,,,,,,,,,,,,,,,,,,,,,,,,,,,,,,,,,,,,,
PTHR24011,1,ELAVL1,,,,,,,,,,,,,,,,,,,,,,,,,,,,,,,,,,,,,,,,,
PTHR11849,3,SPI1,ELF4,ELF1,,,,,,,,,,,,,,,,,,,,,,,,,,,,,,,,,,,,,,,
PTHR24118,2,BCL3,NFKBIE,,,,,,,,,,,,,,,,,,,,,,,,,,,,,,,,,,,,,,,,
PTHR11486,15,FGF10,FGF22,FGF4,FGF9,FGF8,FGF6,FGF1,FGF23,FGF5,FGF2,FGF7,FGF18,FGF17,FGF19,FGF3,,,,,,,,,,,,,,,,,,,,,,,,,,,
PTHR24347,2,CAMK2A,CAMKK2,,,,,,,,,,,,,,,,,,,,,,,,,,,,,,,,,,,,,,,,
PTHR24351,5,RPS6KA2,RPS6KA5,RPS6KA1,RPS6KA4,RPS6KB2,,,,,,,,,,,,,,,,,,,,,,,,,,,,,,,,,,,,,
PTHR22961,2,TRIB2,TRIB3,,,,,,,,,,,,,,,,,,,,,,,,,,,,,,,,,,,,,,,,
PTHR24353,3,PRKACA,PRKACG,PRKX,,,,,,,,,,,,,,,,,,,,,,,,,,,,,,,,,,,,,,,
PTHR12565,2,SREBF1,SREBF2,,,,,,,,,,,,,,,,,,,,,,,,,,,,,,,,,,,,,,,,
PTHR24068,3,UBE2D1,UBE2D3,UBE2L6,,,,,,,,,,,,,,,,,,,,,,,,,,,,,,,,,,,,,,,
PTHR12533,5,NFATC3,NFATC4,NFATC2,NFAT5,NFATC1,,,,,,,,,,,,,,,,,,,,,,,,,,,,,,,,,,,,,
PTHR11923,2,SCARB1,CD36,,,,,,,,,,,,,,,,,,,,,,,,,,,,,,,,,,,,,,,,
PTHR11447,3,TP63,TP73,TP53,,,,,,,,,,,,,,,,,,,,,,,,,,,,,,,,,,,,,,,
PTHR16399,2,GSDMB,GSDMA,,,,,,,,,,,,,,,,,,,,,,,,,,,,,,,,,,,,,,,,
PTHR19331,3,CD5L,SSC5D,DMBT1,,,,,,,,,,,,,,,,,,,,,,,,,,,,,,,,,,,,,,,
PTHR11903,1,PTGS2,,,,,,,,,,,,,,,,,,,,,,,,,,,,,,,,,,,,,,,,,
PTHR24043,1,SCARF1,,,,,,,,,,,,,,,,,,,,,,,,,,,,,,,,,,,,,,,,,
PTHR11036,1,SEMA3A,,,,,,,,,,,,,,,,,,,,,,,,,,,,,,,,,,,,,,,,,
PTHR22847,1,WDR62,,,,,,,,,,,,,,,,,,,,,,,,,,,,,,,,,,,,,,,,,
PTHR24169,5,NFKB2,RELB,NFKB1,REL,RELA,,,,,,,,,,,,,,,,,,,,,,,,,,,,,,,,,,,,,
PTHR23037,5,IL4R,CSF2RB,IL2RB,IL9R,EPOR,,,,,,,,,,,,,,,,,,,,,,,,,,,,,,,,,,,,,
PTHR11920,6,ADCY2,ADCY7,ADCY4,ADCY1,ADCY5,ADCY6,,,,,,,,,,,,,,,,,,,,,,,,,,,,,,,,,,,,
PTHR24325,1,HOXA9,,,,,,,,,,,,,,,,,,,,,,,,,,,,,,,,,,,,,,,,,
PTHR13874,1,EDN1,,,,,,,,,,,,,,,,,,,,,,,,,,,,,,,,,,,,,,,,,
PTHR13020,3,TNRC6C,TNRC6A,TNRC6B,,,,,,,,,,,,,,,,,,,,,,,,,,,,,,,,,,,,,,,
PTHR11254,2,ITCH,HERC5,,,,,,,,,,,,,,,,,,,,,,,,,,,,,,,,,,,,,,,,
PTHR19955,2,CEACAM1,CEACAM8,,,,,,,,,,,,,,,,,,,,,,,,,,,,,,,,,,,,,,,,
PTHR10799,1,SMARCA2,,,,,,,,,,,,,,,,,,,,,,,,,,,,,,,,,,,,,,,,,
PTHR24103,42,MID2,MID1,MEFV,TRIM35,TRIM14,TRIM37,TRIM38,TRIM62,TRIM67,TRIM32,TRIM25,TRIM6,TRIM24,TRIM28,TRIM21,TRIM5,TRIM22,AC087289.1,TRIM45,PML,TRIM65,TRIM7,TRIM50,TRIM55,TRIM36,TRIM11,TRIM42,TRIM63,TRIM58,TRIM66,TRIM49,TRIM56,TRIM8,TRIM60,TRIM61,TRIM15,TRIM10,TRIM31,TRIM27,TRIM13,TRIM71,TRIM26
PTHR10179,5,CXCL2,CXCL9,CXCL10,CXCL11,CXCL8,,,,,,,,,,,,,,,,,,,,,,,,,,,,,,,,,,,,,
PTHR19134,2,PTPRC,PTPN6,,,,,,,,,,,,,,,,,,,,,,,,,,,,,,,,,,,,,,,,
PTHR23155,2,PHLPP1,ERBIN,,,,,,,,,,,,,,,,,,,,,,,,,,,,,,,,,,,,,,,,
PTHR24022,5,C1QTNF3,C1QC,C1QB,C1QA,ADIPOQ,,,,,,,,,,,,,,,,,,,,,,,,,,,,,,,,,,,,,
PTHR10082,3,ITGB5,ITGB2,ITGB3,,,,,,,,,,,,,,,,,,,,,,,,,,,,,,,,,,,,,,,
PTHR23180,1,SMAP2,,,,,,,,,,,,,,,,,,,,,,,,,,,,,,,,,,,,,,,,,
PTHR10032,1,REST,,,,,,,,,,,,,,,,,,,,,,,,,,,,,,,,,,,,,,,,,
PTHR10036,1,CD59,,,,,,,,,,,,,,,,,,,,,,,,,,,,,,,,,,,,,,,,,
PTHR19143,3,FCN1,ANGPT1,FCN2,,,,,,,,,,,,,,,,,,,,,,,,,,,,,,,,,,,,,,,
PTHR24360,3,MAP3K4,MAP2K1,MAP3K3,,,,,,,,,,,,,,,,,,,,,,,,,,,,,,,,,,,,,,,
PTHR15646,1,LAT2,,,,,,,,,,,,,,,,,,,,,,,,,,,,,,,,,,,,,,,,,
PTHR23063,1,LPCAT2,,,,,,,,,,,,,,,,,,,,,,,,,,,,,,,,,,,,,,,,,
PTHR10288,2,KHSRP,PCBP1,,,,,,,,,,,,,,,,,,,,,,,,,,,,,,,,,,,,,,,,
PTHR15001,2,DEFB127,DEFB118,,,,,,,,,,,,,,,,,,,,,,,,,,,,,,,,,,,,,,,,
PTHR21446,1,MAVS,,,,,,,,,,,,,,,,,,,,,,,,,,,,,,,,,,,,,,,,,
PTHR10125,1,P2RX7,,,,,,,,,,,,,,,,,,,,,,,,,,,,,,,,,,,,,,,,,
PTHR11258,3,AC004551.1,OAS3,OAS2,,,,,,,,,,,,,,,,,,,,,,,,,,,,,,,,,,,,,,,
PTHR12931,1,OTUB2,,,,,,,,,,,,,,,,,,,,,,,,,,,,,,,,,,,,,,,,,
PTHR16089,1,RCOR1,,,,,,,,,,,,,,,,,,,,,,,,,,,,,,,,,,,,,,,,,
PTHR13771,1,ICAM1,,,,,,,,,,,,,,,,,,,,,,,,,,,,,,,,,,,,,,,,,
PTHR24419,3,IRAK3,IRAK2,IRAK4,,,,,,,,,,,,,,,,,,,,,,,,,,,,,,,,,,,,,,,
PTHR12183,1,MUL1,,,,,,,,,,,,,,,,,,,,,,,,,,,,,,,,,,,,,,,,,
PTHR22802,8,CD209,CLEC4M,CLEC4A,CLEC10A,CLEC4E,CLEC4D,CLEC4C,CLEC6A,,,,,,,,,,,,,,,,,,,,,,,,,,,,,,,,,,
PTHR23277,1,CD200,,,,,,,,,,,,,,,,,,,,,,,,,,,,,,,,,,,,,,,,,
PTHR24271,2,CMA1,CTSG,,,,,,,,,,,,,,,,,,,,,,,,,,,,,,,,,,,,,,,,
PTHR23334,4,CEBPE,CEBPB,CEBPD,CEBPA,,,,,,,,,,,,,,,,,,,,,,,,,,,,,,,,,,,,,,
PTHR16004,1,RNF31,,,,,,,,,,,,,,,,,,,,,,,,,,,,,,,,,,,,,,,,,
PTHR19305,1,SNAP23,,,,,,,,,,,,,,,,,,,,,,,,,,,,,,,,,,,,,,,,,
PTHR11860,6,TREM2,TREML1,CD300A,CD300LB,CD300LF,CD300E,,,,,,,,,,,,,,,,,,,,,,,,,,,,,,,,,,,,
PTHR10334,1,CRISP3,,,,,,,,,,,,,,,,,,,,,,,,,,,,,,,,,,,,,,,,,
PTHR16423,2,NCR2,TREML2,,,,,,,,,,,,,,,,,,,,,,,,,,,,,,,,,,,,,,,,
PTHR19969,1,CRKL,,,,,,,,,,,,,,,,,,,,,,,,,,,,,,,,,,,,,,,,,
PTHR11346,3,LGALS2,LGALS1,LGALS3,,,,,,,,,,,,,,,,,,,,,,,,,,,,,,,,,,,,,,,
PTHR13301,1,XBP1,,,,,,,,,,,,,,,,,,,,,,,,,,,,,,,,,,,,,,,,,
PTHR10720,1,HMOX1,,,,,,,,,,,,,,,,,,,,,,,,,,,,,,,,,,,,,,,,,
PTHR13857,8,APOBEC3H,AICDA,APOBEC3A,APOBEC3F,APOBEC3B,APOBEC3G,APOBEC3D,APOBEC3C,,,,,,,,,,,,,,,,,,,,,,,,,,,,,,,,,,
PTHR11633,2,PDGFB,PDGFA,,,,,,,,,,,,,,,,,,,,,,,,,,,,,,,,,,,,,,,,
PTHR13832,1,TAB1,,,,,,,,,,,,,,,,,,,,,,,,,,,,,,,,,,,,,,,,,
PTHR14096,1,APOL1,,,,,,,,,,,,,,,,,,,,,,,,,,,,,,,,,,,,,,,,,
PTHR13140,3,MYH9,MYH2,MYO1C,,,,,,,,,,,,,,,,,,,,,,,,,,,,,,,,,,,,,,,
PTHR22820,2,GRAP2,NCK1,,,,,,,,,,,,,,,,,,,,,,,,,,,,,,,,,,,,,,,,
PTHR13808,1,EP300,,,,,,,,,,,,,,,,,,,,,,,,,,,,,,,,,,,,,,,,,
PTHR10583,1,CHGA,,,,,,,,,,,,,,,,,,,,,,,,,,,,,,,,,,,,,,,,,
PTHR23043,1,HIF1A,,,,,,,,,,,,,,,,,,,,,,,,,,,,,,,,,,,,,,,,,
PTHR14003,1,YY1,,,,,,,,,,,,,,,,,,,,,,,,,,,,,,,,,,,,,,,,,
PTHR10504,3,PLTP,BPIFB3,BPIFA1,,,,,,,,,,,,,,,,,,,,,,,,,,,,,,,,,,,,,,,
PTHR10201,2,MMP9,MMP8,,,,,,,,,,,,,,,,,,,,,,,,,,,,,,,,,,,,,,,,
PTHR15349,1,PROCR,,,,,,,,,,,,,,,,,,,,,,,,,,,,,,,,,,,,,,,,,
PTHR11681,1,AVP,,,,,,,,,,,,,,,,,,,,,,,,,,,,,,,,,,,,,,,,,
PTHR19971,2,SIRPB1,SIRPA,,,,,,,,,,,,,,,,,,,,,,,,,,,,,,,,,,,,,,,,
PTHR12081,2,E2F1,E2F6,,,,,,,,,,,,,,,,,,,,,,,,,,,,,,,,,,,,,,,,
PTHR13703,2,SMAD7,SMAD6,,,,,,,,,,,,,,,,,,,,,,,,,,,,,,,,,,,,,,,,
PTHR13982,1,RNF125,,,,,,,,,,,,,,,,,,,,,,,,,,,,,,,,,,,,,,,,,
PTHR24243,1,BRS3,,,,,,,,,,,,,,,,,,,,,,,,,,,,,,,,,,,,,,,,,
PTHR23192,1,OLFM4,,,,,,,,,,,,,,,,,,,,,,,,,,,,,,,,,,,,,,,,,
PTHR14913,1,TRADD,,,,,,,,,,,,,,,,,,,,,,,,,,,,,,,,,,,,,,,,,
PTHR12015,4,CCL17,CCL2,CCL1,CCL5,,,,,,,,,,,,,,,,,,,,,,,,,,,,,,,,,,,,,,
PTHR13248,1,ELOB,,,,,,,,,,,,,,,,,,,,,,,,,,,,,,,,,,,,,,,,,
PTHR24073,1,RAB11A,,,,,,,,,,,,,,,,,,,,,,,,,,,,,,,,,,,,,,,,,
PTHR23257,6,RIPK2,LIMK1,RIPK3,RAF1,RIPK1,LRRK2,,,,,,,,,,,,,,,,,,,,,,,,,,,,,,,,,,,,
PTHR22969,4,IKBKB,TBK1,CHUK,IKBKE,,,,,,,,,,,,,,,,,,,,,,,,,,,,,,,,,,,,,,
PTHR24139,1,NFKBIB,,,,,,,,,,,,,,,,,,,,,,,,,,,,,,,,,,,,,,,,,
PTHR19282,1,CD37,,,,,,,,,,,,,,,,,,,,,,,,,,,,,,,,,,,,,,,,,
PTHR11232,1,NUMBL,,,,,,,,,,,,,,,,,,,,,,,,,,,,,,,,,,,,,,,,,
PTHR11848,1,TGFB1,,,,,,,,,,,,,,,,,,,,,,,,,,,,,,,,,,,,,,,,,
PTHR10155,2,PIK3R2,AC007192.1,,,,,,,,,,,,,,,,,,,,,,,,,,,,,,,,,,,,,,,,
PTHR16877,1,HAMP,,,,,,,,,,,,,,,,,,,,,,,,,,,,,,,,,,,,,,,,,
PTHR24057,1,GSK3A,,,,,,,,,,,,,,,,,,,,,,,,,,,,,,,,,,,,,,,,,
PTHR24056,1,CDK6,,,,,,,,,,,,,,,,,,,,,,,,,,,,,,,,,,,,,,,,,
PTHR14453,1,ZC3HAV1,,,,,,,,,,,,,,,,,,,,,,,,,,,,,,,,,,,,,,,,,
PTHR31915,2,TAX1BP1,CALCOCO2,,,,,,,,,,,,,,,,,,,,,,,,,,,,,,,,,,,,,,,,
PTHR12779,1,WASL,,,,,,,,,,,,,,,,,,,,,,,,,,,,,,,,,,,,,,,,,
PTHR11461,2,SERPINE1,SERPING1,,,,,,,,,,,,,,,,,,,,,,,,,,,,,,,,,,,,,,,,
PTHR15106,1,RARRES2,,,,,,,,,,,,,,,,,,,,,,,,,,,,,,,,,,,,,,,,,
PTHR15337,1,AGR2,,,,,,,,,,,,,,,,,,,,,,,,,,,,,,,,,,,,,,,,,
PTHR10649,1,AHR,,,,,,,,,,,,,,,,,,,,,,,,,,,,,,,,,,,,,,,,,
PTHR10856,1,CORO2A,,,,,,,,,,,,,,,,,,,,,,,,,,,,,,,,,,,,,,,,,
PTHR11412,4,C5,C3,C4B,C4A,,,,,,,,,,,,,,,,,,,,,,,,,,,,,,,,,,,,,,
PTHR21510,1,AKNA,,,,,,,,,,,,,,,,,,,,,,,,,,,,,,,,,,,,,,,,,
PTHR14074,3,DDX58,DHX58,IFIH1,,,,,,,,,,,,,,,,,,,,,,,,,,,,,,,,,,,,,,,
PTHR18837,1,CXCL12,,,,,,,,,,,,,,,,,,,,,,,,,,,,,,,,,,,,,,,,,
PTHR11668,1,PPP3CB,,,,,,,,,,,,,,,,,,,,,,,,,,,,,,,,,,,,,,,,,
PTHR13155,1,AKAP10,,,,,,,,,,,,,,,,,,,,,,,,,,,,,,,,,,,,,,,,,
PTHR10159,5,DUSP3,DUSP1,DUSP4,DUSP10,DUSP7,,,,,,,,,,,,,,,,,,,,,,,,,,,,,,,,,,,,,
PTHR18860,1,YWHAE,,,,,,,,,,,,,,,,,,,,,,,,,,,,,,,,,,,,,,,,,
PTHR22917,1,VTN,,,,,,,,,,,,,,,,,,,,,,,,,,,,,,,,,,,,,,,,,
PTHR11443,1,IL2,,,,,,,,,,,,,,,,,,,,,,,,,,,,,,,,,,,,,,,,,
PTHR15528,2,PPARGC1A,PPARGC1B,,,,,,,,,,,,,,,,,,,,,,,,,,,,,,,,,,,,,,,,
PTHR11389,2,ZBTB16,ZBTB1,,,,,,,,,,,,,,,,,,,,,,,,,,,,,,,,,,,,,,,,
PTHR12622,1,DTX4,,,,,,,,,,,,,,,,,,,,,,,,,,,,,,,,,,,,,,,,,
PTHR19444,1,UNC93B1,,,,,,,,,,,,,,,,,,,,,,,,,,,,,,,,,,,,,,,,,
PTHR15759,1,PANX1,,,,,,,,,,,,,,,,,,,,,,,,,,,,,,,,,,,,,,,,,
PTHR10505,1,CALCA,,,,,,,,,,,,,,,,,,,,,,,,,,,,,,,,,,,,,,,,,
PTHR11242,1,AIP,,,,,,,,,,,,,,,,,,,,,,,,,,,,,,,,,,,,,,,,,
PTHR15947,1,IL23A,,,,,,,,,,,,,,,,,,,,,,,,,,,,,,,,,,,,,,,,,
PTHR10265,2,CDKN1B,CDKN1A,,,,,,,,,,,,,,,,,,,,,,,,,,,,,,,,,,,,,,,,
PTHR11419,1,IFNG,,,,,,,,,,,,,,,,,,,,,,,,,,,,,,,,,,,,,,,,,
PTHR21295,4,IL17A,IL17F,IL17C,IL25,,,,,,,,,,,,,,,,,,,,,,,,,,,,,,,,,,,,,,
PTHR10609,1,VNN1,,,,,,,,,,,,,,,,,,,,,,,,,,,,,,,,,,,,,,,,,
PTHR24227,11,CCR6,CCR2,CXCR4,CCR7,ACKR2,CXCR1,CXCR2,CCR3,CCR4,CXCR3,LTB4R,,,,,,,,,,,,,,,,,,,,,,,,,,,,,,,
PTHR12025,2,VEGFA,VEGFC,,,,,,,,,,,,,,,,,,,,,,,,,,,,,,,,,,,,,,,,
PTHR20838,1,LY86,,,,,,,,,,,,,,,,,,,,,,,,,,,,,,,,,,,,,,,,,
PTHR10740,3,HBEGF,EREG,BTC,,,,,,,,,,,,,,,,,,,,,,,,,,,,,,,,,,,,,,,
PTHR11321,1,IL12B,,,,,,,,,,,,,,,,,,,,,,,,,,,,,,,,,,,,,,,,,
PTHR15367,2,POLR3G,POLR3GL,,,,,,,,,,,,,,,,,,,,,,,,,,,,,,,,,,,,,,,,
PTHR11456,1,IL4,,,,,,,,,,,,,,,,,,,,,,,,,,,,,,,,,,,,,,,,,
PTHR24084,1,NR3C1,,,,,,,,,,,,,,,,,,,,,,,,,,,,,,,,,,,,,,,,,
PTHR11711,1,TRIM23,,,,,,,,,,,,,,,,,,,,,,,,,,,,,,,,,,,,,,,,,
PTHR16875,1,SELENOK,,,,,,,,,,,,,,,,,,,,,,,,,,,,,,,,,,,,,,,,,
PTHR13814,2,HRG,AHSG,,,,,,,,,,,,,,,,,,,,,,,,,,,,,,,,,,,,,,,,
PTHR25462,5,CD86,CD274,CD80,RNF135,PDCD1LG2,,,,,,,,,,,,,,,,,,,,,,,,,,,,,,,,,,,,,
PTHR23316,1,KPNA1,,,,,,,,,,,,,,,,,,,,,,,,,,,,,,,,,,,,,,,,,
PTHR22880,1,KAT2B,,,,,,,,,,,,,,,,,,,,,,,,,,,,,,,,,,,,,,,,,
PTHR10603,1,FXR1,,,,,,,,,,,,,,,,,,,,,,,,,,,,,,,,,,,,,,,,,
PTHR10385,6,CISH,SOCS2,SOCS6,SOCS5,SOCS3,SOCS1,,,,,,,,,,,,,,,,,,,,,,,,,,,,,,,,,,,,
PTHR11420,1,IL1A,,,,,,,,,,,,,,,,,,,,,,,,,,,,,,,,,,,,,,,,,
PTHR15963,1,CYTIP,,,,,,,,,,,,,,,,,,,,,,,,,,,,,,,,,,,,,,,,,
PTHR18947,1,CCDC88A,,,,,,,,,,,,,,,,,,,,,,,,,,,,,,,,,,,,,,,,,
PTHR11801,6,STAT1,STAT4,STAT6,STAT3,STAT2,STAT5B,,,,,,,,,,,,,,,,,,,,,,,,,,,,,,,,,,,,
PTHR11890,8,IL1R2,IL1R1,IL1RL2,IL1RL1,IL18R1,IL1RAPL1,SIGIRR,IL1RAP,,,,,,,,,,,,,,,,,,,,,,,,,,,,,,,,,,
PTHR10336,2,PLCL1,PLCG2,,,,,,,,,,,,,,,,,,,,,,,,,,,,,,,,,,,,,,,,
PTHR23202,3,WIPF1,WIPF3,WIPF2,,,,,,,,,,,,,,,,,,,,,,,,,,,,,,,,,,,,,,,
PTHR19304,1,ATF2,,,,,,,,,,,,,,,,,,,,,,,,,,,,,,,,,,,,,,,,,
PTHR24411,1,NFE2L2,,,,,,,,,,,,,,,,,,,,,,,,,,,,,,,,,,,,,,,,,
PTHR10801,1,DHCR24,,,,,,,,,,,,,,,,,,,,,,,,,,,,,,,,,,,,,,,,,
PTHR10625,1,HDAC1,,,,,,,,,,,,,,,,,,,,,,,,,,,,,,,,,,,,,,,,,
PTHR10653,1,CAPZA1,,,,,,,,,,,,,,,,,,,,,,,,,,,,,,,,,,,,,,,,,
PTHR15175,2,NCF2,NOXA1,,,,,,,,,,,,,,,,,,,,,,,,,,,,,,,,,,,,,,,,
PTHR10728,1,PLA2G4A,,,,,,,,,,,,,,,,,,,,,,,,,,,,,,,,,,,,,,,,,
PTHR10845,1,RGS2,,,,,,,,,,,,,,,,,,,,,,,,,,,,,,,,,,,,,,,,,
PTHR11064,1,DR1,,,,,,,,,,,,,,,,,,,,,,,,,,,,,,,,,,,,,,,,,
PTHR11949,9,IRF6,IRF1,IRF3,IRF5,IRF4,IRF8,IRF2,IRF7,IRF9,,,,,,,,,,,,,,,,,,,,,,,,,,,,,,,,,
PTHR18976,1,APOA1,,,,,,,,,,,,,,,,,,,,,,,,,,,,,,,,,,,,,,,,,
PTHR13367,1,TNFAIP3,,,,,,,,,,,,,,,,,,,,,,,,,,,,,,,,,,,,,,,,,
PTHR11358,1,ARG1,,,,,,,,,,,,,,,,,,,,,,,,,,,,,,,,,,,,,,,,,
PTHR10607,1,SPP1,,,,,,,,,,,,,,,,,,,,,,,,,,,,,,,,,,,,,,,,,
PTHR24085,1,NR4A3,,,,,,,,,,,,,,,,,,,,,,,,,,,,,,,,,,,,,,,,,
PTHR10271,4,IFIT3,IFIT2,IFIT5,IFIT1,,,,,,,,,,,,,,,,,,,,,,,,,,,,,,,,,,,,,,
PTHR11691,17,IFNA6,IFNA8,IFNA21,IFNA5,IFNA16,IFNK,IFNB1,IFNW1,IFNE,IFNA10,IFNA2,IFNA1,IFNA7,IFNA14,IFNA13,IFNA17,IFNA4,,,,,,,,,,,,,,,,,,,,,,,,,
PTHR11471,3,TNFSF11,TNFSF10,TNF,,,,,,,,,,,,,,,,,,,,,,,,,,,,,,,,,,,,,,,
PTHR10042,1,EGR1,,,,,,,,,,,,,,,,,,,,,,,,,,,,,,,,,,,,,,,,,
PTHR10970,1,CLU,,,,,,,,,,,,,,,,,,,,,,,,,,,,,,,,,,,,,,,,,
PTHR11767,1,KCNJ8,,,,,,,,,,,,,,,,,,,,,,,,,,,,,,,,,,,,,,,,,
PTHR24259,2,PLG,GZMM,,,,,,,,,,,,,,,,,,,,,,,,,,,,,,,,,,,,,,,,
PTHR24024,3,SFTPA1,SFTPD,SFTPA2,,,,,,,,,,,,,,,,,,,,,,,,,,,,,,,,,,,,,,,
PTHR13715,2,ITPR2,ITPR1,,,,,,,,,,,,,,,,,,,,,,,,,,,,,,,,,,,,,,,,
PTHR12011,1,ADGRE5,,,,,,,,,,,,,,,,,,,,,,,,,,,,,,,,,,,,,,,,,
PTHR31553,2,OPTN,IKBKG,,,,,,,,,,,,,,,,,,,,,,,,,,,,,,,,,,,,,,,,
PTHR22952,1,ATF1,,,,,,,,,,,,,,,,,,,,,,,,,,,,,,,,,,,,,,,,,
PTHR12093,1,NCKAP1L,,,,,,,,,,,,,,,,,,,,,,,,,,,,,,,,,,,,,,,,,
PTHR10915,1,SDC4,,,,,,,,,,,,,,,,,,,,,,,,,,,,,,,,,,,,,,,,,
PTHR14966,1,ZBP1,,,,,,,,,,,,,,,,,,,,,,,,,,,,,,,,,,,,,,,,,
PTHR10959,1,PACSIN1,,,,,,,,,,,,,,,,,,,,,,,,,,,,,,,,,,,,,,,,,
PTHR12582,1,UNC5CL,,,,,,,,,,,,,,,,,,,,,,,,,,,,,,,,,,,,,,,,,
PTHR19357,1,TREM1,,,,,,,,,,,,,,,,,,,,,,,,,,,,,,,,,,,,,,,,,
PTHR23193,2,NUP153,NUP214,,,,,,,,,,,,,,,,,,,,,,,,,,,,,,,,,,,,,,,,
PTHR19212,1,LRRFIP1,,,,,,,,,,,,,,,,,,,,,,,,,,,,,,,,,,,,,,,,,
PTHR10078,2,IL1B,IL37,,,,,,,,,,,,,,,,,,,,,,,,,,,,,,,,,,,,,,,,
PTHR15153,1,TNFSF9,,,,,,,,,,,,,,,,,,,,,,,,,,,,,,,,,,,,,,,,,
PTHR11202,1,VASP,,,,,,,,,,,,,,,,,,,,,,,,,,,,,,,,,,,,,,,,,
PTHR11829,3,FOXA2,FOXO1,FOXO4,,,,,,,,,,,,,,,,,,,,,,,,,,,,,,,,,,,,,,,
PTHR22770,2,RBCK1,SHARPIN,,,,,,,,,,,,,,,,,,,,,,,,,,,,,,,,,,,,,,,,
PTHR24231,1,FFAR2,,,,,,,,,,,,,,,,,,,,,,,,,,,,,,,,,,,,,,,,,
PTHR24357,2,PRKCG,PRKCA,,,,,,,,,,,,,,,,,,,,,,,,,,,,,,,,,,,,,,,,
PTHR16932,2,IFI6,IFI27,,,,,,,,,,,,,,,,,,,,,,,,,,,,,,,,,,,,,,,,
PTHR14263,1,IL22,,,,,,,,,,,,,,,,,,,,,,,,,,,,,,,,,,,,,,,,,
PTHR24232,4,F2RL3,F2RL2,F2RL1,F2R,,,,,,,,,,,,,,,,,,,,,,,,,,,,,,,,,,,,,,
PTHR47230,1,TICAM1,,,,,,,,,,,,,,,,,,,,,,,,,,,,,,,,,,,,,,,,,
PTHR13044,1,ATF4,,,,,,,,,,,,,,,,,,,,,,,,,,,,,,,,,,,,,,,,,
PTHR24072,1,RAC2,,,,,,,,,,,,,,,,,,,,,,,,,,,,,,,,,,,,,,,,,
no family,5,TBC1D27P,LILRP2,AC245036.1,DEFT1P2,Z94721.2,,,,,,,,,,,,,,,,,,,,,,,,,,,,,,,,,,,,,
PTHR18896,1,PLD2,,,,,,,,,,,,,,,,,,,,,,,,,,,,,,,,,,,,,,,,,
PTHR10910,4,ILF3,ADAR,ADAD1,ADARB1,,,,,,,,,,,,,,,,,,,,,,,,,,,,,,,,,,,,,,
PTHR10339,1,ART1,,,,,,,,,,,,,,,,,,,,,,,,,,,,,,,,,,,,,,,,,
PTHR10514,1,ACE2,,,,,,,,,,,,,,,,,,,,,,,,,,,,,,,,,,,,,,,,,
PTHR15190,1,BST2,,,,,,,,,,,,,,,,,,,,,,,,,,,,,,,,,,,,,,,,,
PTHR24265,6,F12,C1RL,C1R,C1S,CFD,CFI,,,,,,,,,,,,,,,,,,,,,,,,,,,,,,,,,,,,
PTHR17601,1,RFTN1,,,,,,,,,,,,,,,,,,,,,,,,,,,,,,,,,,,,,,,,,
PTHR23036,4,IL13RA1,IL6ST,IL2RG,IL3RA,,,,,,,,,,,,,,,,,,,,,,,,,,,,,,,,,,,,,,
PTHR22797,1,CARD6,,,,,,,,,,,,,,,,,,,,,,,,,,,,,,,,,,,,,,,,,
PTHR10070,1,JCHAIN,,,,,,,,,,,,,,,,,,,,,,,,,,,,,,,,,,,,,,,,,
PTHR23206,1,ANKRD17,,,,,,,,,,,,,,,,,,,,,,,,,,,,,,,,,,,,,,,,,
PTHR19277,3,CRP,APCS,PTX3,,,,,,,,,,,,,,,,,,,,,,,,,,,,,,,,,,,,,,,
PTHR11134,1,AP3B1,,,,,,,,,,,,,,,,,,,,,,,,,,,,,,,,,,,,,,,,,
PTHR10353,2,KL,KLB,,,,,,,,,,,,,,,,,,,,,,,,,,,,,,,,,,,,,,,,
PTHR19316,1,HSPBP1,,,,,,,,,,,,,,,,,,,,,,,,,,,,,,,,,,,,,,,,,
PTHR24063,1,SLC2A11,,,,,,,,,,,,,,,,,,,,,,,,,,,,,,,,,,,,,,,,,
PTHR10913,2,SPINK5,FSTL1,,,,,,,,,,,,,,,,,,,,,,,,,,,,,,,,,,,,,,,,
PTHR14383,1,SWAP70,,,,,,,,,,,,,,,,,,,,,,,,,,,,,,,,,,,,,,,,,
PTHR24365,10,CD180,TLR4,TLR2,TLR3,NRROS,TLR10,TLR1,TLR6,TLR5,TLR7,,,,,,,,,,,,,,,,,,,,,,,,,,,,,,,,
PTHR11571,1,GSTM1,,,,,,,,,,,,,,,,,,,,,,,,,,,,,,,,,,,,,,,,,
PTHR22826,2,VAV3,VAV1,,,,,,,,,,,,,,,,,,,,,,,,,,,,,,,,,,,,,,,,
PTHR21339,1,RSAD2,,,,,,,,,,,,,,,,,,,,,,,,,,,,,,,,,,,,,,,,,
PTHR24249,1,HRH4,,,,,,,,,,,,,,,,,,,,,,,,,,,,,,,,,,,,,,,,,
PTHR22800,8,KLRD1,KLRG1,CLEC1B,CLEC7A,CLEC9A,KLRC2,KLRK1,CLEC5A,,,,,,,,,,,,,,,,,,,,,,,,,,,,,,,,,,
PTHR22891,1,AGO4,,,,,,,,,,,,,,,,,,,,,,,,,,,,,,,,,,,,,,,,,
PTHR24225,5,C5AR2,FPR2,FPR1,C5AR1,GPR33,,,,,,,,,,,,,,,,,,,,,,,,,,,,,,,,,,,,,
PTHR22811,2,TMED7,TICAM2,,,,,,,,,,,,,,,,,,,,,,,,,,,,,,,,,,,,,,,,
PTHR10502,3,ANXA1,ANXA2,ANXA4,,,,,,,,,,,,,,,,,,,,,,,,,,,,,,,,,,,,,,,
PTHR15498,1,HAVCR2,,,,,,,,,,,,,,,,,,,,,,,,,,,,,,,,,,,,,,,,,
PTHR16295,1,TRAFD1,,,,,,,,,,,,,,,,,,,,,,,,,,,,,,,,,,,,,,,,,
PTHR22922,1,CAPRIN1,,,,,,,,,,,,,,,,,,,,,,,,,,,,,,,,,,,,,,,,,
PTHR10360,1,MDM2,,,,,,,,,,,,,,,,,,,,,,,,,,,,,,,,,,,,,,,,,
PTHR24141,1,RNASEL,,,,,,,,,,,,,,,,,,,,,,,,,,,,,,,,,,,,,,,,,
PTHR11457,1,IL6,,,,,,,,,,,,,,,,,,,,,,,,,,,,,,,,,,,,,,,,,
PTHR15249,1,TANK,,,,,,,,,,,,,,,,,,,,,,,,,,,,,,,,,,,,,,,,,
PTHR11585,2,IL10,IL19,,,,,,,,,,,,,,,,,,,,,,,,,,,,,,,,,,,,,,,,
PTHR10438,1,TXN,,,,,,,,,,,,,,,,,,,,,,,,,,,,,,,,,,,,,,,,,
PTHR11514,1,MYC,,,,,,,,,,,,,,,,,,,,,,,,,,,,,,,,,,,,,,,,,
PTHR21114,1,IL33,,,,,,,,,,,,,,,,,,,,,,,,,,,,,,,,,,,,,,,,,
PTHR15382,1,CNPY3,,,,,,,,,,,,,,,,,,,,,,,,,,,,,,,,,,,,,,,,,
PTHR11752,1,DDX60,,,,,,,,,,,,,,,,,,,,,,,,,,,,,,,,,,,,,,,,,
PTHR10199,1,THBS1,,,,,,,,,,,,,,,,,,,,,,,,,,,,,,,,,,,,,,,,,
PTHR23113,2,RASGEF1B,RASGRP1,,,,,,,,,,,,,,,,,,,,,,,,,,,,,,,,,,,,,,,,
PTHR14356,1,IL21,,,,,,,,,,,,,,,,,,,,,,,,,,,,,,,,,,,,,,,,,
PTHR10529,1,EGF,,,,,,,,,,,,,,,,,,,,,,,,,,,,,,,,,,,,,,,,,
PTHR15242,1,SCAF11,,,,,,,,,,,,,,,,,,,,,,,,,,,,,,,,,,,,,,,,,
PTHR11654,1,SLC15A4,,,,,,,,,,,,,,,,,,,,,,,,,,,,,,,,,,,,,,,,,
PTHR23083,1,TTC6,,,,,,,,,,,,,,,,,,,,,,,,,,,,,,,,,,,,,,,,,
PTHR23065,1,PSTPIP1,,,,,,,,,,,,,,,,,,,,,,,,,,,,,,,,,,,,,,,,,
PTHR11256,2,BCL2A1,BCL2,,,,,,,,,,,,,,,,,,,,,,,,,,,,,,,,,,,,,,,,
PTHR10071,1,GATA6,,,,,,,,,,,,,,,,,,,,,,,,,,,,,,,,,,,,,,,,,
PTHR11792,1,ARRB2,,,,,,,,,,,,,,,,,,,,,,,,,,,,,,,,,,,,,,,,,
PTHR14299,1,PMAIP1,,,,,,,,,,,,,,,,,,,,,,,,,,,,,,,,,,,,,,,,,
PTHR13999,3,IFITM3,IFITM2,IFITM1,,,,,,,,,,,,,,,,,,,,,,,,,,,,,,,,,,,,,,,
PTHR23103,1,APP,,,,,,,,,,,,,,,,,,,,,,,,,,,,,,,,,,,,,,,,,
PTHR34920,1,BCL10,,,,,,,,,,,,,,,,,,,,,,,,,,,,,,,,,,,,,,,,,
PTHR11481,4,FCGR2A,FCGR1A,FCER1A,FCGR3A,,,,,,,,,,,,,,,,,,,,,,,,,,,,,,,,,,,,,,
PTHR12411,2,CTSK,CTSS,,,,,,,,,,,,,,,,,,,,,,,,,,,,,,,,,,,,,,,,
PTHR11639,6,S100A8,S100A7,S100B,S100A9,S100A12,S100A10,,,,,,,,,,,,,,,,,,,,,,,,,,,,,,,,,,,,
PTHR11817,1,PKLR,,,,,,,,,,,,,,,,,,,,,,,,,,,,,,,,,,,,,,,,,
PTHR23050,2,CALM2,CALM1,,,,,,,,,,,,,,,,,,,,,,,,,,,,,,,,,,,,,,,,
PTHR24124,1,NFKBIZ,,,,,,,,,,,,,,,,,,,,,,,,,,,,,,,,,,,,,,,,,
PTHR24207,1,LPP,,,,,,,,,,,,,,,,,,,,,,,,,,,,,,,,,,,,,,,,,
PTHR12326,1,RUBCN,,,,,,,,,,,,,,,,,,,,,,,,,,,,,,,,,,,,,,,,,
PTHR13820,1,SNCA,,,,,,,,,,,,,,,,,,,,,,,,,,,,,,,,,,,,,,,,,
PTHR31266,1,TIFA,,,,,,,,,,,,,,,,,,,,,,,,,,,,,,,,,,,,,,,,,
PTHR23125,1,SKP2,,,,,,,,,,,,,,,,,,,,,,,,,,,,,,,,,,,,,,,,,
PTHR13385,1,ATG12,,,,,,,,,,,,,,,,,,,,,,,,,,,,,,,,,,,,,,,,,
PTHR15188,1,CXCL14,,,,,,,,,,,,,,,,,,,,,,,,,,,,,,,,,,,,,,,,,
PTHR16926,1,IL9,,,,,,,,,,,,,,,,,,,,,,,,,,,,,,,,,,,,,,,,,
PTHR10693,1,G3BP1,,,,,,,,,,,,,,,,,,,,,,,,,,,,,,,,,,,,,,,,,
PTHR21258,1,DOK3,,,,,,,,,,,,,,,,,,,,,,,,,,,,,,,,,,,,,,,,,
PTHR18842,1,IRAK1BP1,,,,,,,,,,,,,,,,,,,,,,,,,,,,,,,,,,,,,,,,,
PTHR24064,1,SLC22A3,,,,,,,,,,,,,,,,,,,,,,,,,,,,,,,,,,,,,,,,,
PTHR24144,1,CDKN2A,,,,,,,,,,,,,,,,,,,,,,,,,,,,,,,,,,,,,,,,,
PTHR12782,1,PTGES2,,,,,,,,,,,,,,,,,,,,,,,,,,,,,,,,,,,,,,,,,
PTHR10689,1,PTGES,,,,,,,,,,,,,,,,,,,,,,,,,,,,,,,,,,,,,,,,,
PTHR11430,1,LCN2,,,,,,,,,,,,,,,,,,,,,,,,,,,,,,,,,,,,,,,,,
PTHR23320,2,MS4A2,MS4A8,,,,,,,,,,,,,,,,,,,,,,,,,,,,,,,,,,,,,,,,
PTHR22662,1,TIRAP,,,,,,,,,,,,,,,,,,,,,,,,,,,,,,,,,,,,,,,,,
PTHR11326,1,IL18,,,,,,,,,,,,,,,,,,,,,,,,,,,,,,,,,,,,,,,,,
PTHR24327,1,VENTX,,,,,,,,,,,,,,,,,,,,,,,,,,,,,,,,,,,,,,,,,
PTHR24349,2,CAMK4,MAPKAPK2,,,,,,,,,,,,,,,,,,,,,,,,,,,,,,,,,,,,,,,,
PTHR11984,1,GJA1,,,,,,,,,,,,,,,,,,,,,,,,,,,,,,,,,,,,,,,,,
PTHR16675,5,MR1,CD1D,MICA,HLA-C,HLA-B,,,,,,,,,,,,,,,,,,,,,,,,,,,,,,,,,,,,,
PTHR10441,1,CD8A,,,,,,,,,,,,,,,,,,,,,,,,,,,,,,,,,,,,,,,,,
TF328709,1,OTULIN,,,,,,,,,,,,,,,,,,,,,,,,,,,,,,,,,,,,,,,,,
PTHR22904,2,TOMM70,SUGT1,,,,,,,,,,,,,,,,,,,,,,,,,,,,,,,,,,,,,,,,
PTHR10589,1,UCHL1,,,,,,,,,,,,,,,,,,,,,,,,,,,,,,,,,,,,,,,,,
PTHR15218,1,LY96,,,,,,,,,,,,,,,,,,,,,,,,,,,,,,,,,,,,,,,,,
PTHR10887,1,MOV10,,,,,,,,,,,,,,,,,,,,,,,,,,,,,,,,,,,,,,,,,
PTHR10797,1,CNOT8,,,,,,,,,,,,,,,,,,,,,,,,,,,,,,,,,,,,,,,,,
PTHR16267,1,PIK3AP1,,,,,,,,,,,,,,,,,,,,,,,,,,,,,,,,,,,,,,,,,
PTHR11100,3,NRG1,NRG2,NRG4,,,,,,,,,,,,,,,,,,,,,,,,,,,,,,,,,,,,,,,
PTHR11309,1,FZD1,,,,,,,,,,,,,,,,,,,,,,,,,,,,,,,,,,,,,,,,,
PTHR28606,1,IL34,,,,,,,,,,,,,,,,,,,,,,,,,,,,,,,,,,,,,,,,,
PTHR11566,2,MX1,MX2,,,,,,,,,,,,,,,,,,,,,,,,,,,,,,,,,,,,,,,,
PTHR11908,1,XDH,,,,,,,,,,,,,,,,,,,,,,,,,,,,,,,,,,,,,,,,,
PTHR16798,1,FANCC,,,,,,,,,,,,,,,,,,,,,,,,,,,,,,,,,,,,,,,,,
PTHR12902,1,WASF2,,,,,,,,,,,,,,,,,,,,,,,,,,,,,,,,,,,,,,,,,
PTHR15706,1,NCF1,,,,,,,,,,,,,,,,,,,,,,,,,,,,,,,,,,,,,,,,,
PTHR16803,1,FCER1G,,,,,,,,,,,,,,,,,,,,,,,,,,,,,,,,,,,,,,,,,
PTHR12027,1,WNT9B,,,,,,,,,,,,,,,,,,,,,,,,,,,,,,,,,,,,,,,,,
PTHR20995,1,FBXW5,,,,,,,,,,,,,,,,,,,,,,,,,,,,,,,,,,,,,,,,,
PTHR10300,1,RCAN1,,,,,,,,,,,,,,,,,,,,,,,,,,,,,,,,,,,,,,,,,
PTHR10837,1,PADI4,,,,,,,,,,,,,,,,,,,,,,,,,,,,,,,,,,,,,,,,,
PTHR12418,1,THEM4,,,,,,,,,,,,,,,,,,,,,,,,,,,,,,,,,,,,,,,,,
PTHR12477,1,AMFR,,,,,,,,,,,,,,,,,,,,,,,,,,,,,,,,,,,,,,,,,
PTHR11311,1,SPON2,,,,,,,,,,,,,,,,,,,,,,,,,,,,,,,,,,,,,,,,,
PTHR24102,1,AIRE,,,,,,,,,,,,,,,,,,,,,,,,,,,,,,,,,,,,,,,,,
PTHR10570,1,CD3G,,,,,,,,,,,,,,,,,,,,,,,,,,,,,,,,,,,,,,,,,
PTHR15591,1,RUSC1,,,,,,,,,,,,,,,,,,,,,,,,,,,,,,,,,,,,,,,,,
PTHR40711,1,DCD,,,,,,,,,,,,,,,,,,,,,,,,,,,,,,,,,,,,,,,,,
PTHR10751,1,GBP2,,,,,,,,,,,,,,,,,,,,,,,,,,,,,,,,,,,,,,,,,
PTHR12644,1,ARPC5,,,,,,,,,,,,,,,,,,,,,,,,,,,,,,,,,,,,,,,,,
PTHR23351,2,ATF3,FOS,,,,,,,,,,,,,,,,,,,,,,,,,,,,,,,,,,,,,,,,
PTHR12757,1,TNFAIP8L2,,,,,,,,,,,,,,,,,,,,,,,,,,,,,,,,,,,,,,,,,
PTHR14432,2,AZI2,TBKBP1,,,,,,,,,,,,,,,,,,,,,,,,,,,,,,,,,,,,,,,,
PTHR21101,1,RETNLB,,,,,,,,,,,,,,,,,,,,,,,,,,,,,,,,,,,,,,,,,
PTHR15951,1,TRAT1,,,,,,,,,,,,,,,,,,,,,,,,,,,,,,,,,,,,,,,,,
PTHR12200,2,IFI16,AIM2,,,,,,,,,,,,,,,,,,,,,,,,,,,,,,,,,,,,,,,,
PTHR11494,2,CTLA4,CD28,,,,,,,,,,,,,,,,,,,,,,,,,,,,,,,,,,,,,,,,
PTHR15583,1,IL17RE,,,,,,,,,,,,,,,,,,,,,,,,,,,,,,,,,,,,,,,,,
PTHR12876,1,ZC3H12A,,,,,,,,,,,,,,,,,,,,,,,,,,,,,,,,,,,,,,,,,
PTHR10206,1,CAMP,,,,,,,,,,,,,,,,,,,,,,,,,,,,,,,,,,,,,,,,,
PTHR28594,1,ATRIP,,,,,,,,,,,,,,,,,,,,,,,,,,,,,,,,,,,,,,,,,
PTHR11323,1,IL15,,,,,,,,,,,,,,,,,,,,,,,,,,,,,,,,,,,,,,,,,
PTHR10127,1,EDIL3,,,,,,,,,,,,,,,,,,,,,,,,,,,,,,,,,,,,,,,,,
PTHR34829,1,SCGB3A2,,,,,,,,,,,,,,,,,,,,,,,,,,,,,,,,,,,,,,,,,
PTHR11533,1,ERAP1,,,,,,,,,,,,,,,,,,,,,,,,,,,,,,,,,,,,,,,,,
PTHR10656,1,CGAS,,,,,,,,,,,,,,,,,,,,,,,,,,,,,,,,,,,,,,,,,
PTHR11876,6,DEFA5,DEFA4,DEFA6,DEFA1,DEFA3,DEFA1B,,,,,,,,,,,,,,,,,,,,,,,,,,,,,,,,,,,,
PTHR21388,1,DEFB1,,,,,,,,,,,,,,,,,,,,,,,,,,,,,,,,,,,,,,,,,
PTHR24226,1,GPER1,,,,,,,,,,,,,,,,,,,,,,,,,,,,,,,,,,,,,,,,,
PTHR11878,1,FREM1,,,,,,,,,,,,,,,,,,,,,,,,,,,,,,,,,,,,,,,,,
PTHR19229,1,ABCA1,,,,,,,,,,,,,,,,,,,,,,,,,,,,,,,,,,,,,,,,,
PTHR15284,1,NFIL3,,,,,,,,,,,,,,,,,,,,,,,,,,,,,,,,,,,,,,,,,
PTHR24020,1,MBL2,,,,,,,,,,,,,,,,,,,,,,,,,,,,,,,,,,,,,,,,,
PTHR24031,2,DDX21,DDX41,,,,,,,,,,,,,,,,,,,,,,,,,,,,,,,,,,,,,,,,
PTHR11437,2,RNASE7,RNASE3,,,,,,,,,,,,,,,,,,,,,,,,,,,,,,,,,,,,,,,,
PTHR12231,1,JAM3,,,,,,,,,,,,,,,,,,,,,,,,,,,,,,,,,,,,,,,,,
PTHR12461,1,HIF1AN,,,,,,,,,,,,,,,,,,,,,,,,,,,,,,,,,,,,,,,,,
PTHR11539,1,RAG1,,,,,,,,,,,,,,,,,,,,,,,,,,,,,,,,,,,,,,,,,
PTHR19944,2,B2M,HLA-DQB1,,,,,,,,,,,,,,,,,,,,,,,,,,,,,,,,,,,,,,,,
PTHR15136,1,STIM1,,,,,,,,,,,,,,,,,,,,,,,,,,,,,,,,,,,,,,,,,
PTHR11738,4,LAIR1,LILRA5,LILRB3,LILRA2,,,,,,,,,,,,,,,,,,,,,,,,,,,,,,,,,,,,,,
PTHR24275,1,KLK1,,,,,,,,,,,,,,,,,,,,,,,,,,,,,,,,,,,,,,,,,
PTHR15077,1,FADD,,,,,,,,,,,,,,,,,,,,,,,,,,,,,,,,,,,,,,,,,
PTHR24228,1,BDKRB2,,,,,,,,,,,,,,,,,,,,,,,,,,,,,,,,,,,,,,,,,
PTHR13408,1,POLR3D,,,,,,,,,,,,,,,,,,,,,,,,,,,,,,,,,,,,,,,,,
PTHR19441,1,WFDC12,,,,,,,,,,,,,,,,,,,,,,,,,,,,,,,,,,,,,,,,,
PTHR10523,1,IL12A,,,,,,,,,,,,,,,,,,,,,,,,,,,,,,,,,,,,,,,,,
PTHR11200,2,INPP5D,SH2D1A,,,,,,,,,,,,,,,,,,,,,,,,,,,,,,,,,,,,,,,,
PTHR16501,1,MFF,,,,,,,,,,,,,,,,,,,,,,,,,,,,,,,,,,,,,,,,,
PTHR10614,2,IRS1,IRS2,,,,,,,,,,,,,,,,,,,,,,,,,,,,,,,,,,,,,,,,
PTHR24067,1,UBE2V2,,,,,,,,,,,,,,,,,,,,,,,,,,,,,,,,,,,,,,,,,
PTHR11322,1,IL13,,,,,,,,,,,,,,,,,,,,,,,,,,,,,,,,,,,,,,,,,
PTHR24248,1,ADRB2,,,,,,,,,,,,,,,,,,,,,,,,,,,,,,,,,,,,,,,,,
PTHR22962,1,GP2,,,,,,,,,,,,,,,,,,,,,,,,,,,,,,,,,,,,,,,,,
PTHR24233,2,PTAFR,P2RY14,,,,,,,,,,,,,,,,,,,,,,,,,,,,,,,,,,,,,,,,
PTHR12958,2,ZFPM2,ZFPM1,,,,,,,,,,,,,,,,,,,,,,,,,,,,,,,,,,,,,,,,
PTHR10666,3,UBB,ISG15,UBD,,,,,,,,,,,,,,,,,,,,,,,,,,,,,,,,,,,,,,,
PTHR10630,1,CD14,,,,,,,,,,,,,,,,,,,,,,,,,,,,,,,,,,,,,,,,,
PTHR10816,1,IRF2BP1,,,,,,,,,,,,,,,,,,,,,,,,,,,,,,,,,,,,,,,,,
PTHR10465,1,MFN1,,,,,,,,,,,,,,,,,,,,,,,,,,,,,,,,,,,,,,,,,
PTHR11866,1,PTGER4,,,,,,,,,,,,,,,,,,,,,,,,,,,,,,,,,,,,,,,,,
PTHR20515,4,DEFB4A,DEFB103A,DEFB103B,DEFB4B,,,,,,,,,,,,,,,,,,,,,,,,,,,,,,,,,,,,,,
PTHR12801,1,ISG20,,,,,,,,,,,,,,,,,,,,,,,,,,,,,,,,,,,,,,,,,
PTHR11913,1,CFL1,,,,,,,,,,,,,,,,,,,,,,,,,,,,,,,,,,,,,,,,,
PTHR15079,1,MYD88,,,,,,,,,,,,,,,,,,,,,,,,,,,,,,,,,,,,,,,,,
PTHR24355,2,GRK2,GRK5,,,,,,,,,,,,,,,,,,,,,,,,,,,,,,,,,,,,,,,,
PTHR23424,1,SAA1,,,,,,,,,,,,,,,,,,,,,,,,,,,,,,,,,,,,,,,,,
PTHR31428,1,RGMB,,,,,,,,,,,,,,,,,,,,,,,,,,,,,,,,,,,,,,,,,
PTHR11724,1,LEP,,,,,,,,,,,,,,,,,,,,,,,,,,,,,,,,,,,,,,,,,
PTHR24070,3,HRAS,NKIRAS1,NRAS,,,,,,,,,,,,,,,,,,,,,,,,,,,,,,,,,,,,,,,
PTHR18934,1,DHX36,,,,,,,,,,,,,,,,,,,,,,,,,,,,,,,,,,,,,,,,,
PTHR16833,1,DDIT3,,,,,,,,,,,,,,,,,,,,,,,,,,,,,,,,,,,,,,,,,
PTHR24089,1,UCP2,,,,,,,,,,,,,,,,,,,,,,,,,,,,,,,,,,,,,,,,,
PTHR14206,1,BAIAP2,,,,,,,,,,,,,,,,,,,,,,,,,,,,,,,,,,,,,,,,,
PTHR12358,1,SPHK1,,,,,,,,,,,,,,,,,,,,,,,,,,,,,,,,,,,,,,,,,
PTHR47304,1,C8G,,,,,,,,,,,,,,,,,,,,,,,,,,,,,,,,,,,,,,,,,
PTHR24348,1,ULK1,,,,,,,,,,,,,,,,,,,,,,,,,,,,,,,,,,,,,,,,,
PTHR16674,1,CD19,,,,,,,,,,,,,,,,,,,,,,,,,,,,,,,,,,,,,,,,,
PTHR11462,1,JUN,,,,,,,,,,,,,,,,,,,,,,,,,,,,,,,,,,,,,,,,,
PTHR16186,1,STAP2,,,,,,,,,,,,,,,,,,,,,,,,,,,,,,,,,,,,,,,,,
PTHR11915,1,PLEC,,,,,,,,,,,,,,,,,,,,,,,,,,,,,,,,,,,,,,,,,
PTHR13954,1,ERN1,,,,,,,,,,,,,,,,,,,,,,,,,,,,,,,,,,,,,,,,,
PTHR15088,1,NRIP1,,,,,,,,,,,,,,,,,,,,,,,,,,,,,,,,,,,,,,,,,
PTHR10315,1,SIAH2,,,,,,,,,,,,,,,,,,,,,,,,,,,,,,,,,,,,,,,,,
PTHR15315,1,RNF41,,,,,,,,,,,,,,,,,,,,,,,,,,,,,,,,,,,,,,,,,
PTHR10953,1,UBA7,,,,,,,,,,,,,,,,,,,,,,,,,,,,,,,,,,,,,,,,,
PTHR31943,3,IFNL1,IFNL2,IFNL3,,,,,,,,,,,,,,,,,,,,,,,,,,,,,,,,,,,,,,,
PTHR10865,1,MTA1,,,,,,,,,,,,,,,,,,,,,,,,,,,,,,,,,,,,,,,,,
PTHR24035,1,GAS6,,,,,,,,,,,,,,,,,,,,,,,,,,,,,,,,,,,,,,,,,
PTHR11334,1,MRGPRX2,,,,,,,,,,,,,,,,,,,,,,,,,,,,,,,,,,,,,,,,,
PTHR10037,1,SCN5A,,,,,,,,,,,,,,,,,,,,,,,,,,,,,,,,,,,,,,,,,
PTHR22968,1,PRKD1,,,,,,,,,,,,,,,,,,,,,,,,,,,,,,,,,,,,,,,,,
PTHR10058,1,CSF1,,,,,,,,,,,,,,,,,,,,,,,,,,,,,,,,,,,,,,,,,
PTHR24040,1,PROS1,,,,,,,,,,,,,,,,,,,,,,,,,,,,,,,,,,,,,,,,,
PTHR34339,1,TMEM173,,,,,,,,,,,,,,,,,,,,,,,,,,,,,,,,,,,,,,,,,
PTHR14365,1,SIVA1,,,,,,,,,,,,,,,,,,,,,,,,,,,,,,,,,,,,,,,,,
PTHR10015,1,HSF1,,,,,,,,,,,,,,,,,,,,,,,,,,,,,,,,,,,,,,,,,
PTHR12611,1,PURA,,,,,,,,,,,,,,,,,,,,,,,,,,,,,,,,,,,,,,,,,
PTHR11685,1,PRKN,,,,,,,,,,,,,,,,,,,,,,,,,,,,,,,,,,,,,,,,,
PTHR10006,1,MUC1,,,,,,,,,,,,,,,,,,,,,,,,,,,,,,,,,,,,,,,,,
PTHR23055,1,KCNIP4,,,,,,,,,,,,,,,,,,,,,,,,,,,,,,,,,,,,,,,,,
PTHR12949,1,POLR3C,,,,,,,,,,,,,,,,,,,,,,,,,,,,,,,,,,,,,,,,,
PTHR13946,1,POLR1D,,,,,,,,,,,,,,,,,,,,,,,,,,,,,,,,,,,,,,,,,
PTHR24083,1,RXRA,,,,,,,,,,,,,,,,,,,,,,,,,,,,,,,,,,,,,,,,,
PTHR15301,1,INSIG1,,,,,,,,,,,,,,,,,,,,,,,,,,,,,,,,,,,,,,,,,
PTHR22745,1,PTMA,,,,,,,,,,,,,,,,,,,,,,,,,,,,,,,,,,,,,,,,,
PTHR19375,2,HSPA14,HSPA1A,,,,,,,,,,,,,,,,,,,,,,,,,,,,,,,,,,,,,,,,
PTHR10582,1,TRPV2,,,,,,,,,,,,,,,,,,,,,,,,,,,,,,,,,,,,,,,,,
PTHR14559,2,CARD9,CARD11,,,,,,,,,,,,,,,,,,,,,,,,,,,,,,,,,,,,,,,,
PTHR10498,1,PALM3,,,,,,,,,,,,,,,,,,,,,,,,,,,,,,,,,,,,,,,,,
PTHR11716,1,PLA2G2A,,,,,,,,,,,,,,,,,,,,,,,,,,,,,,,,,,,,,,,,,
PTHR23248,1,PLSCR1,,,,,,,,,,,,,,,,,,,,,,,,,,,,,,,,,,,,,,,,,
PTHR15264,1,PDCD1,,,,,,,,,,,,,,,,,,,,,,,,,,,,,,,,,,,,,,,,,
PTHR21541,1,SLX4,,,,,,,,,,,,,,,,,,,,,,,,,,,,,,,,,,,,,,,,,
PTHR11793,1,TCF4,,,,,,,,,,,,,,,,,,,,,,,,,,,,,,,,,,,,,,,,,
PTHR20879,1,IL27,,,,,,,,,,,,,,,,,,,,,,,,,,,,,,,,,,,,,,,,,
PTHR12098,1,PELI1,,,,,,,,,,,,,,,,,,,,,,,,,,,,,,,,,,,,,,,,,
PTHR24257,1,ELANE,,,,,,,,,,,,,,,,,,,,,,,,,,,,,,,,,,,,,,,,,
PTHR10969,1,MAP1LC3C,,,,,,,,,,,,,,,,,,,,,,,,,,,,,,,,,,,,,,,,,
PTHR12267,1,Mar-05,,,,,,,,,,,,,,,,,,,,,,,,,,,,,,,,,,,,,,,,,
PTHR10173,1,MSRB1,,,,,,,,,,,,,,,,,,,,,,,,,,,,,,,,,,,,,,,,,
PTHR10687,1,SCAMP5,,,,,,,,,,,,,,,,,,,,,,,,,,,,,,,,,,,,,,,,,
PTHR10035,1,CD247,,,,,,,,,,,,,,,,,,,,,,,,,,,,,,,,,,,,,,,,,
PTHR23087,1,HMGN2,,,,,,,,,,,,,,,,,,,,,,,,,,,,,,,,,,,,,,,,,
PTHR10165,1,PLPP4,,,,,,,,,,,,,,,,,,,,,,,,,,,,,,,,,,,,,,,,,
PTHR10129,1,MAFB,,,,,,,,,,,,,,,,,,,,,,,,,,,,,,,,,,,,,,,,,
PTHR11973,1,AGER,,,,,,,,,,,,,,,,,,,,,,,,,,,,,,,,,,,,,,,,,
PTHR12313,1,RNF5,,,,,,,,,,,,,,,,,,,,,,,,,,,,,,,,,,,,,,,,,
PTHR22884,1,EHMT2,,,,,,,,,,,,,,,,,,,,,,,,,,,,,,,,,,,,,,,,,
PTHR10628,1,NEU1,,,,,,,,,,,,,,,,,,,,,,,,,,,,,,,,,,,,,,,,,
PTHR15452,1,LST1,,,,,,,,,,,,,,,,,,,,,,,,,,,,,,,,,,,,,,,,,
PTHR38652,1,IL31,,,,,,,,,,,,,,,,,,,,,,,,,,,,,,,,,,,,,,,,,
PTHR21844,1,AKT1S1,,,,,,,,,,,,,,,,,,,,,,,,,,,,,,,,,,,,,,,,,
PTHR24367,2,LGR4,TRIL,,,,,,,,,,,,,,,,,,,,,,,,,,,,,,,,,,,,,,,,
PTHR23250,1,TECPR1,,,,,,,,,,,,,,,,,,,,,,,,,,,,,,,,,,,,,,,,,
PTHR23266,6,IGHE,IGHG4,IGHG2,IGHG1,IGHG3,IGLL5,,,,,,,,,,,,,,,,,,,,,,,,,,,,,,,,,,,,
PTHR15586,1,LAT,,,,,,,,,,,,,,,,,,,,,,,,,,,,,,,,,,,,,,,,,
PTHR13058,1,TREX1,,,,,,,,,,,,,,,,,,,,,,,,,,,,,,,,,,,,,,,,,
PTHR24229,1,LTB4R,,,,,,,,,,,,,,,,,,,,,,,,,,,,,,,,,,,,,,,,,
PTHR24230,1,LTB4R,,,,,,,,,,,,,,,,,,,,,,,,,,,,,,,,,,,,,,,,,
PTHR24006,1,USP17L11,,,,,,,,,,,,,,,,,,,,,,,,,,,,,,,,,,,,,,,,,
PTHR32341,1,IRGM,,,,,,,,,,,,,,,,,,,,,,,,,,,,,,,,,,,,,,,,,
PTHR24373,1,TLR9,,,,,,,,,,,,,,,,,,,,,,,,,,,,,,,,,,,,,,,,,
PTHR11188,1,TXNIP,,,,,,,,,,,,,,,,,,,,,,,,,,,,,,,,,,,,,,,,,
PTHR12907,1,EGLN2,,,,,,,,,,,,,,,,,,,,,,,,,,,,,,,,,,,,,,,,,